{"cameraMode":{"drawMode":0,"name":"Shaded","section":"Shading Mode"},"sceneLighting":true,"audioPlay":false,"sceneViewState":{"showFog":true,"showMaterialUpdate":false,"showSkybox":true,"showFlares":true,"showImageEffects":true,"showParticleSystems":true},"in2DMode":false,"pivot":{"x":4.581394195556641,"y":3.057041645050049,"z":-7.805591106414795},"rotation":{"x":0.00552202295511961,"y":0.9165181517601013,"z":-0.01265654992312193,"w":0.39976513385772707},"size":9.33568000793457,"orthographic":false}